Student_ID,Branch,Python_Score,SQL_Score,Aptitude_Score,Communication_Score,Projects_Completed,Mock_Interviews_Attended,Total_Score,Average_Score,Weakest_Skill_Score,Readiness_Score,Readiness_Band
S0001,ECE,94,92,90,65,4,7,341,85.25,65,100.0,Ready
S0002,CSE,93,84,69,48,4,2,294,73.5,48,83.5,Almost Ready
S0003,CSE,77,78,69,56,4,6,280,70.0,56,84.0,Almost Ready
S0004,CSE,63,58,65,58,4,8,244,61.0,58,77.0,Almost Ready
S0005,IT,85,81,65,71,4,3,302,75.5,65,86.5,Almost Ready
S0006,MECH,63,70,65,33,2,6,231,57.75,33,67.75,Almost Ready
S0007,CSE,33,58,41,41,2,1,173,43.25,33,48.25,Needs Work
S0008,CSE,56,56,29,17,2,4,158,39.5,17,47.5,Needs Work
S0009,IT,94,64,69,35,4,5,262,65.5,35,78.5,Almost Ready
S0010,MECH,54,27,42,50,1,1,173,43.25,27,46.25,Needs Work
S0011,ECE,40,42,49,54,2,4,185,46.25,40,54.25,Almost Ready
S0012,CSE,55,64,61,56,2,7,236,59.0,55,70.0,Almost Ready
S0013,IT,49,57,47,28,2,2,181,45.25,28,51.25,Almost Ready
S0014,MECH,38,35,33,18,2,4,124,31.0,18,39.0,Needs Work
S0015,IT,49,59,62,56,3,4,226,56.5,49,66.5,Almost Ready
S0016,ECE,65,62,79,85,3,5,291,72.75,62,83.75,Almost Ready
S0017,CSE,98,67,71,11,3,4,247,61.75,11,71.75,Almost Ready
S0018,IT,71,54,57,53,1,1,235,58.75,53,61.75,Almost Ready
S0019,CSE,49,37,64,35,2,2,185,46.25,35,52.25,Almost Ready
S0020,ECE,35,38,39,30,3,2,142,35.5,30,43.5,Needs Work
S0021,MECH,48,39,51,49,0,2,187,46.75,39,48.75,Needs Work
S0022,CSE,100,96,84,82,5,6,362,90.5,82,100.0,Ready
S0023,CSE,78,67,61,42,4,3,248,62.0,42,73.0,Almost Ready
S0024,ECE,78,53,77,59,2,7,267,66.75,53,77.75,Almost Ready
S0025,IT,89,65,83,77,2,3,314,78.5,65,85.5,Almost Ready
S0026,CSE,93,85,81,64,3,6,323,80.75,64,92.75,Ready
S0027,IT,64,40,53,49,3,5,206,51.5,40,62.5,Almost Ready
S0028,ECE,81,71,57,48,3,6,257,64.25,48,76.25,Almost Ready
S0029,ECE,45,38,52,54,2,3,189,47.25,38,54.25,Almost Ready
S0030,CSE,81,53,70,30,4,4,234,58.5,30,70.5,Almost Ready
S0031,CSE,64,70,62,60,1,3,256,64.0,60,69.0,Almost Ready
S0032,CSE,65,50,80,54,3,5,249,62.25,50,73.25,Almost Ready
S0033,IT,68,84,64,42,0,6,258,64.5,42,70.5,Almost Ready
S0034,ECE,85,80,100,66,4,4,331,82.75,66,94.75,Ready
S0035,IT,76,43,44,37,5,3,200,50.0,37,63.0,Almost Ready
S0036,CSE,78,46,49,55,3,3,228,57.0,46,66.0,Almost Ready
S0037,CSE,49,67,35,48,3,6,199,49.75,35,61.75,Almost Ready
S0038,CSE,100,85,100,97,5,5,382,95.5,85,100.0,Ready
S0039,CSE,78,73,74,66,3,5,291,72.75,66,83.75,Almost Ready
S0040,IT,78,33,51,39,5,4,201,50.25,33,64.25,Almost Ready
S0041,MECH,61,77,75,42,2,3,255,63.75,42,70.75,Almost Ready
S0042,CSE,68,68,52,44,4,5,232,58.0,44,71.0,Almost Ready
S0043,CSE,58,56,58,36,2,6,208,52.0,36,62.0,Almost Ready
S0044,CSE,40,73,78,40,0,3,231,57.75,40,60.75,Almost Ready
S0045,IT,75,66,49,41,1,0,231,57.75,41,59.75,Almost Ready
S0046,CSE,84,69,81,74,3,1,308,77.0,69,84.0,Almost Ready
S0047,CSE,62,46,53,15,0,3,176,44.0,15,47.0,Needs Work
S0048,ECE,73,51,69,72,2,1,265,66.25,51,71.25,Almost Ready
S0049,CSE,83,65,63,40,2,4,251,62.75,40,70.75,Almost Ready
S0050,IT,77,81,64,37,2,2,259,64.75,37,70.75,Almost Ready
S0051,CSE,89,98,89,84,3,3,360,90.0,84,99.0,Ready
S0052,MECH,48,32,44,32,4,3,156,39.0,32,50.0,Almost Ready
S0053,ECE,74,50,69,66,5,3,259,64.75,50,77.75,Almost Ready
S0054,CSE,30,33,46,19,3,4,128,32.0,19,42.0,Needs Work
S0055,CSE,81,75,38,60,2,6,254,63.5,38,73.5,Almost Ready
S0056,ECE,52,73,80,59,2,2,264,66.0,52,72.0,Almost Ready
S0057,ECE,60,77,65,35,3,3,237,59.25,35,68.25,Almost Ready
S0058,CSE,76,81,80,64,5,5,301,75.25,64,90.25,Ready
S0059,ECE,61,58,62,28,2,4,209,52.25,28,60.25,Almost Ready
S0060,ECE,75,46,55,37,3,3,213,53.25,37,62.25,Almost Ready
S0061,IT,73,66,72,42,3,4,253,63.25,42,73.25,Almost Ready
S0062,IT,100,100,79,91,5,7,370,92.5,79,100.0,Ready
S0063,ECE,51,66,64,44,4,3,225,56.25,44,67.25,Almost Ready
S0064,ECE,35,46,69,37,0,0,187,46.75,35,46.75,Needs Work
S0065,ECE,52,51,46,22,2,0,171,42.75,22,46.75,Needs Work
S0066,IT,54,64,51,20,3,2,189,47.25,20,55.25,Almost Ready
S0067,IT,72,83,85,100,3,1,340,85.0,72,92.0,Ready
S0068,CSE,92,100,89,78,2,4,359,89.75,78,97.75,Ready
S0069,ECE,100,100,68,100,5,8,368,92.0,68,100.0,Ready
S0070,IT,67,74,50,74,2,2,265,66.25,50,72.25,Almost Ready
S0071,CSE,63,79,78,60,5,4,280,70.0,60,84.0,Almost Ready
S0072,IT,40,46,30,37,3,6,153,38.25,30,50.25,Almost Ready
S0073,CSE,79,80,73,65,6,4,297,74.25,65,90.25,Ready
S0074,CSE,81,67,52,78,4,6,278,69.5,52,83.5,Almost Ready
S0075,IT,72,67,58,57,3,3,254,63.5,57,72.5,Almost Ready
S0076,CSE,77,84,93,63,4,2,317,79.25,63,89.25,Almost Ready
S0077,IT,39,36,31,38,1,4,144,36.0,31,42.0,Needs Work
S0078,IT,57,66,53,45,4,3,221,55.25,45,66.25,Almost Ready
S0079,ECE,39,69,33,2,3,1,143,35.75,2,42.75,Needs Work
S0080,CSE,63,52,56,54,4,3,225,56.25,52,67.25,Almost Ready
S0081,CSE,33,55,46,44,3,3,178,44.5,33,53.5,Almost Ready
S0082,IT,73,30,67,47,4,2,217,54.25,30,64.25,Almost Ready
S0083,CSE,51,58,56,36,2,2,201,50.25,36,56.25,Almost Ready
S0084,CSE,61,66,66,54,4,5,247,61.75,54,74.75,Almost Ready
S0085,CSE,51,18,16,0,0,1,85,21.25,0,22.25,Needs Work
S0086,CSE,21,54,33,24,3,2,132,33.0,21,41.0,Needs Work
S0087,CSE,49,38,45,43,5,4,175,43.75,38,57.75,Almost Ready
S0088,ECE,72,78,69,44,5,4,263,65.75,44,79.75,Almost Ready
S0089,IT,72,64,57,64,3,5,257,64.25,57,75.25,Almost Ready
S0090,IT,64,70,77,58,4,0,269,67.25,58,75.25,Almost Ready
S0091,CSE,78,91,69,74,6,5,312,78.0,69,95.0,Ready
S0092,ECE,57,61,73,43,3,3,234,58.5,43,67.5,Almost Ready
S0093,IT,56,55,51,50,5,3,212,53.0,50,66.0,Almost Ready
S0094,MECH,78,47,60,29,4,2,214,53.5,29,63.5,Almost Ready
S0095,ECE,64,70,71,58,3,3,263,65.75,58,74.75,Almost Ready
S0096,CSE,53,53,51,52,3,6,209,52.25,51,64.25,Almost Ready
S0097,CSE,76,82,57,79,1,6,294,73.5,57,81.5,Almost Ready
S0098,CSE,51,70,57,56,3,2,234,58.5,51,66.5,Almost Ready
S0099,IT,78,73,97,61,3,2,309,77.25,61,85.25,Almost Ready
S0100,IT,84,73,64,54,3,2,275,68.75,54,76.75,Almost Ready
S0101,ECE,32,33,45,41,2,2,151,37.75,32,43.75,Needs Work
S0102,IT,45,49,39,35,3,1,168,42.0,35,49.0,Needs Work
S0103,ECE,80,92,49,77,3,6,298,74.5,49,86.5,Almost Ready
S0104,CSE,79,77,86,67,4,3,309,77.25,67,88.25,Almost Ready
S0105,CSE,55,64,77,67,1,5,263,65.75,55,72.75,Almost Ready
S0106,CSE,80,80,59,47,2,3,266,66.5,47,73.5,Almost Ready
S0107,ECE,72,55,72,34,4,4,233,58.25,34,70.25,Almost Ready
S0108,ECE,36,58,67,20,0,5,181,45.25,20,50.25,Almost Ready
S0109,CSE,77,100,94,65,4,6,336,84.0,65,98.0,Ready
S0110,MECH,60,39,65,38,3,4,202,50.5,38,60.5,Almost Ready
S0111,CSE,60,67,58,47,3,3,232,58.0,47,67.0,Almost Ready
S0112,ECE,60,39,50,26,3,3,175,43.75,26,52.75,Almost Ready
S0113,IT,61,66,41,53,2,1,221,55.25,41,60.25,Almost Ready
S0114,CSE,67,69,72,55,4,2,263,65.75,55,75.75,Almost Ready
S0115,ECE,53,43,66,6,1,3,168,42.0,6,47.0,Needs Work
S0116,CSE,69,84,61,44,3,6,258,64.5,44,76.5,Almost Ready
S0117,CSE,86,62,47,89,3,4,284,71.0,47,81.0,Almost Ready
S0118,IT,92,90,91,65,5,4,338,84.5,65,98.5,Ready
S0119,IT,86,65,64,62,1,2,277,69.25,62,73.25,Almost Ready
S0120,MECH,55,64,42,67,0,4,228,57.0,42,61.0,Almost Ready
